<?xml version="1.0" encoding="UTF-8" ?>
<!DOCTYPE configuration
        PUBLIC "-//mybatis.org//DTD Config 3.0//EN"
        "https://mybatis.org/dtd/mybatis-3-config.dtd">

<configuration>
    <environments default="development">
        <environment id="development">
            <transactionManager type="JDBC"/>
            <dataSource type="POOLED">
                <property name="driver" value="org.mariadb.jdbc.Driver"/>
                <property name="url" value="jdbc:mariadb://localhost:3306/test"/>
                <property name="username" value="root"/>
                <property name="password" value="0000"/>
            </dataSource>
        </environment>
    </environments>

    <mappers>
        <mapper resource="mybatis/mappers/boardMapper.xml"/>
        <mapper resource="mybatis/mappers/writeBoardMapper.xml"/>
    </mappers>
</configuration>