<?xml version="1.0" encoding="UTF-8" ?>
<!DOCTYPE mapper
        PUBLIC "-//mybatis.org//DTD Mapper 3.0//EN"
        "https://mybatis.org/dtd/mybatis-3-mapper.dtd">

<mapper namespace="mybatis.mappers.boardMapper">

    <select id="selectBoard" resultType="model.Board">
        SELECT * FROM board
    </select>

    <insert id="insertBoard">
        INSERT INTO board(id, pw)
        VALUE(#{id},#{pw})
    </insert>

    <update id="updateBoard">
        UPDATE board
        SET id = #{id}
        WHERE uid = #{uid}
    </update>

    <delete id="deleteBoard">
        DELETE FROM board
        WHERE uid = #{uid}
    </delete>

</mapper>