<?xml version="1.0" encoding="UTF-8" ?>
<!DOCTYPE mapper
        PUBLIC "-//mybatis.org//DTD Mapper 3.0//EN"
        "https://mybatis.org/dtd/mybatis-3-mapper.dtd">

<mapper namespace="mybatis.mappers.writeBoardMapper">

    <select id="selectWriteBoard" resultType="model.WriteBoard">
        SELECT * FROM write_board
    </select>

    <insert id="insertWriteBoard">
        INSERT INTO write_board(b_Title, b_Detail)
        VALUE(#{b_Title}, #{b_Detail})
    </insert>

    <update id="updateWriteBoard">
        UPDATE write_board
        SET b_Title = #{b_Title}
        WHERE b_Id = #{b_Id}
    </update>

    <delete id="deleteWriteBoard">
        DELETE FROM write_board
        WHERE b_Id = #{b_Id}
    </delete>

</mapper>